# Lines starting with ”#” will be treated as comments.;;;;;;;;;;;;;;;;;;;;;;;;
# This file can be reloaded with the ”reload stats” console command;;;;;;;;;;;;;;;;;;;;;;;;
#;;;;;;;;;;;;;;;;;;missile weapons only;;;;;;
#;;;;;;;%of dmg that will;;%of dmg that will;;100.00;50.00;;;;;;minimum speed;;;;;;
#;;;;;%bonus dmg;%bonus dmg;go through shields;%bonus dmg;go through armor;;;;;;;;;of missiles;;;;;;
key;cost;power;min_damage;max_damage;hull_damage;shield_damage;shield_penetration;armor_damage;armor_penetration;min_windup;max_windup;cooldown;range;accuracy;tracking;size_damage_factor;military_power_multiplier;missile_speed;missile_evasion;missile_shield;missile_armor;missile_health;missile_retarget_range;end
#Offensive Mutations;;;;;;;;;;;;;;;;;;;;;;;;
#Energy Mutations;;;;;;;;;;;;;;;;;;;;;;;;
#Red Eye Beam ;;;;;;;;;;;;;;;;;;;;;;;;
RED_EYE_BEAM_SMALL;5.00;;2.00;7.00;1.25;0.50;0.00;1.50;0.00;0.00;0.00;42.50;40.00;0.90;0.70;0.00;1.00;0.00;0.00;0.00;0.00;0.00;0.00;
RED_EYE_BEAM_MEDIUM;10.00;;6.00;16.00;1.25;0.50;0.00;1.50;0.00;0.00;0.00;42.50;40.00;0.90;0.50;0.00;1.00;0.00;0.00;0.00;0.00;0.00;0.00;
RED_EYE_BEAM_LARGE;20.00;;15.00;40.00;1.25;0.50;0.00;1.50;0.00;0.00;0.00;50.00;60.00;0.90;0.30;0.00;1.00;0.00;0.00;0.00;0.00;0.00;0.00;
RED_EYE_BEAM_EXTRA_LARGE;40.00;;36.00;96.00;1.25;0.50;0.00;1.50;0.00;0.00;0.00;57.00;80.00;0.90;0.05;0.00;1.00;0.00;0.00;0.00;0.00;0.00;0.00;
#Blue Eye Beam ;;;;;;;;;;;;;;;;;;;;;;;;
BLUE_EYE_BEAM_SMALL;7.00;;3.00;9.00;1.25;0.50;0.00;1.50;0.00;0.00;0.00;42.50;40.00;0.90;0.70;0.00;1.00;0.00;0.00;0.00;0.00;0.00;0.00;
BLUE_EYE_BEAM_MEDIUM;23.00;;8.00;21.00;1.25;0.50;0.00;1.50;0.00;0.00;0.00;42.50;40.00;0.90;0.50;0.00;1.00;0.00;0.00;0.00;0.00;0.00;0.00;
BLUE_EYE_BEAM_LARGE;26.00;;20.00;53.00;1.25;0.50;0.00;1.50;0.00;0.00;0.00;50.00;60.00;0.90;0.30;0.00;1.00;0.00;0.00;0.00;0.00;0.00;0.00;
BLUE_EYE_BEAM_EXTRA_LARGE;52.00;;48.00;126.00;1.25;0.50;0.00;1.50;0.00;0.00;0.00;57.00;80.00;0.90;0.05;0.00;1.00;0.00;0.00;0.00;0.00;0.00;0.00;
#UV Eye Beam ;;;;;;;;;;;;;;;;;;;;;;;;
UV_EYE_BEAM_SMALL;9.00;;5.00;11.00;1.25;0.50;0.00;1.50;0.00;0.00;0.00;42.50;40.00;0.90;0.70;0.00;1.00;0.00;0.00;0.00;0.00;0.00;0.00;
UV_EYE_BEAM_MEDIUM;17.00;;10.00;27.00;1.25;0.50;0.00;1.50;0.00;0.00;0.00;42.50;40.00;0.90;0.50;0.00;1.00;0.00;0.00;0.00;0.00;0.00;0.00;
UV_EYE_BEAM_LARGE;34.00;;25.00;68.00;1.25;0.50;0.00;1.50;0.00;0.00;0.00;50.00;60.00;0.90;0.30;0.00;1.00;0.00;0.00;0.00;0.00;0.00;0.00;
UV_EYE_BEAM_EXTRA_LARGE;68.00;;60.00;162.00;1.25;0.50;0.00;1.50;0.00;0.00;0.00;57.00;80.00;0.90;0.05;0.00;1.00;0.00;0.00;0.00;0.00;0.00;0.00;
#Xray Eye Beam ;;;;;;;;;;;;;;;;;;;;;;;;
XRAY_EYE_BEAM_SMALL;9.00;;7.00;14.00;1.25;0.50;0.00;1.50;0.00;0.00;0.00;42.50;40.00;0.90;0.70;0.00;1.00;0.00;0.00;0.00;0.00;0.00;0.00;
XRAY_EYE_BEAM_MEDIUM;17.00;;13.00;35.00;1.25;0.50;0.00;1.50;0.00;0.00;0.00;42.50;40.00;0.90;0.50;0.00;1.00;0.00;0.00;0.00;0.00;0.00;0.00;
XRAY_EYE_BEAM_LARGE;34.00;;33.00;88.00;1.25;0.50;0.00;1.50;0.00;0.00;0.00;50.00;60.00;0.90;0.30;0.00;1.00;0.00;0.00;0.00;0.00;0.00;0.00;
XRAY_EYE_BEAM_EXTRA_LARGE;68.00;;78.00;210.00;1.25;0.50;0.00;1.50;0.00;0.00;0.00;57.00;80.00;0.90;0.05;0.00;1.00;0.00;0.00;0.00;0.00;0.00;0.00;
#Gamma Eye Beam ;;;;;;;;;;;;;;;;;;;;;;;;
GAMMA_EYE_BEAM_SMALL;9.00;;9.00;20.00;1.25;0.50;0.00;1.50;0.00;0.00;0.00;42.50;40.00;0.90;0.70;0.00;1.00;0.00;0.00;0.00;0.00;0.00;0.00;
GAMMA_EYE_BEAM_MEDIUM;17.00;;17.00;46.00;1.25;0.50;0.00;1.50;0.00;0.00;0.00;42.50;40.00;0.90;0.50;0.00;1.00;0.00;0.00;0.00;0.00;0.00;0.00;
GAMMA_EYE_BEAM_LARGE;34.00;;43.00;115.00;1.25;0.50;0.00;1.50;0.00;0.00;0.00;50.00;60.00;0.90;0.30;0.00;1.00;0.00;0.00;0.00;0.00;0.00;0.00;
GAMMA_EYE_BEAM_EXTRA_LARGE;68.00;;102.00;276.00;1.25;0.50;0.00;1.50;0.00;0.00;0.00;57.00;80.00;0.90;0.05;0.00;1.00;0.00;0.00;0.00;0.00;0.00;0.00;
#Bio-Plasma Thrower;;;;;;;;;;;;;;;;;;;;;;;;
BIO_PLASMA_THROWER_SMALL;9.00;;5.00;14.00;1.50;0.25;0.00;2.00;0.00;0.00;0.00;50.00;40.00;0.80;0.70;0.00;1.00;0.00;0.00;0.00;0.00;0.00;0.00;
BIO_PLASMA_THROWER_MEDIUM;17.00;;12.00;33.00;1.50;0.25;0.00;2.00;0.00;0.00;0.00;50.00;40.00;0.80;0.40;0.00;1.00;0.00;0.00;0.00;0.00;0.00;0.00;
BIO_PLASMA_THROWER_LARGE;34.00;;30.00;83.00;1.50;0.25;0.00;2.00;0.00;0.00;0.00;57.00;60.00;0.80;0.20;0.00;1.00;0.00;0.00;0.00;0.00;0.00;0.00;
BIO_PLASMA_THROWER_EXTRA_LARGE;68.00;;72.00;198.00;1.50;0.25;0.00;2.00;0.00;0.00;0.00;64.00;80.00;0.80;0.05;0.00;1.00;0.00;0.00;0.00;0.00;0.00;0.00;
#Bio-Plasma Accelerator;;;;;;;;;;;;;;;;;;;;;;;;
BIO_PLASMA_ACCELERATOR_SMALL;9.00;;7.00;19.00;1.50;0.25;0.00;2.00;0.00;0.00;0.00;50.00;40.00;0.80;0.70;0.00;1.00;0.00;0.00;0.00;0.00;0.00;0.00;
BIO_PLASMA_ACCELERATOR_MEDIUM;17.00;;16.00;43.00;1.50;0.25;0.00;2.00;0.00;0.00;0.00;50.00;40.00;0.80;0.40;0.00;1.00;0.00;0.00;0.00;0.00;0.00;0.00;
BIO_PLASMA_ACCELERATOR_LARGE;34.00;;40.00;108.00;1.50;0.25;0.00;2.00;0.00;0.00;0.00;57.00;60.00;0.80;0.20;0.00;1.00;0.00;0.00;0.00;0.00;0.00;0.00;
BIO_PLASMA_ACCELERATOR_EXTRA_LARGE;68.00;;96.00;258.00;1.50;0.25;0.00;2.00;0.00;0.00;0.00;64.00;80.00;0.80;0.05;0.00;1.00;0.00;0.00;0.00;0.00;0.00;0.00;
#Bio-Plasma Cannon;;;;;;;;;;;;;;;;;;;;;;;;
BIO_PLASMA_CANNON_SMALL;11.00;;10.00;24.00;1.50;0.25;0.00;2.00;0.00;0.00;0.00;50.00;40.00;0.80;0.70;0.00;1.00;0.00;0.00;0.00;0.00;0.00;0.00;
BIO_PLASMA_CANNON_MEDIUM;22.00;;21.00;56.00;1.50;0.25;0.00;2.00;0.00;0.00;0.00;50.00;40.00;0.80;0.40;0.00;1.00;0.00;0.00;0.00;0.00;0.00;0.00;
BIO_PLASMA_CANNON_LARGE;44.00;;53.00;140.00;1.50;0.25;0.00;2.00;0.00;0.00;0.00;57.00;60.00;0.80;0.20;0.00;1.00;0.00;0.00;0.00;0.00;0.00;0.00;
BIO_PLASMA_CANNON_EXTRA_LARGE;88.00;;126.00;336.00;1.50;0.25;0.00;2.00;0.00;0.00;0.00;64.00;80.00;0.80;0.05;0.00;1.00;0.00;0.00;0.00;0.00;0.00;0.00;
#Particles Beam;;;;;;;;;;;;;;;;;;;;;;;;
PARTICLE_BEAM_SMALL;11.00;;16.00;39.00;1.50;0.50;0.00;2.00;0.00;0.00;0.00;65.50;60.00;0.85;0.50;0.00;1.00;0.00;0.00;0.00;0.00;0.00;0.00;
PARTICLE_BEAM_MEDIUM;22.00;;38.00;102.00;1.50;0.50;0.00;2.00;0.00;0.00;0.00;74.00;80.00;0.85;0.30;0.00;1.00;0.00;0.00;0.00;0.00;0.00;0.00;
PARTICLE_BEAM_LARGE;44.00;;90.00;250.00;1.50;0.50;0.00;2.00;0.00;0.00;0.00;82.50;100.00;0.85;0.15;0.00;1.00;0.00;0.00;0.00;0.00;0.00;0.00;
PARTICLE_BEAM_EXTRA_LARGE;88.00;;220.00;570.00;1.50;0.50;0.00;2.00;0.00;0.00;0.00;91.00;120.00;0.85;0.05;0.00;1.00;0.00;0.00;0.00;0.00;0.00;0.00;
#Tachyon Beam;;;;;;;;;;;;;;;;;;;;;;;;
TACHYON_BEAM_SMALL;14.00;;21.00;51.00;1.50;0.50;0.00;2.00;0.00;0.00;0.00;65.50;60.00;0.85;0.50;0.00;1.00;0.00;0.00;0.00;0.00;0.00;0.00;
TACHYON_BEAM_MEDIUM;28.00;;49.00;133.00;1.50;0.50;0.00;2.00;0.00;0.00;0.00;74.00;80.00;0.85;0.30;0.00;1.00;0.00;0.00;0.00;0.00;0.00;0.00;
TACHYON_BEAM_LARGE;57.00;;117.00;325.00;1.50;0.50;0.00;2.00;0.00;0.00;0.00;82.50;100.00;0.85;0.15;0.00;1.00;0.00;0.00;0.00;0.00;0.00;0.00;
TACHYON_BEAM_EXTRA_LARGE;114.00;;286.00;741.00;1.50;0.50;0.00;2.00;0.00;0.00;0.00;91.00;120.00;0.85;0.05;0.00;1.00;0.00;0.00;0.00;0.00;0.00;0.00;
#Sharp-Eye Laser;;;;;;;;;;;;;;;;;;;;;;;;
SHARP_EYE_LASER_SMALL;7.00;;2.00;7.00;1.50;0.50;0.00;1.50;0.00;0.00;0.00;12.00;30.00;0.80;0.60;0.00;1.00;0.00;0.00;0.00;0.00;0.00;0.00;
SHARP_EYE_LASER_MEDIUM;13.00;;8.00;21.00;1.50;0.50;0.00;1.50;0.00;0.00;0.00;23.00;30.00;0.75;0.40;0.00;1.00;0.00;0.00;0.00;0.00;0.00;0.00;
SHARP_EYE_LASER_LARGE;26.00;;20.00;53.00;1.50;0.50;0.00;1.50;0.00;0.00;0.00;34.00;40.00;0.70;0.20;0.00;1.00;0.00;0.00;0.00;0.00;0.00;0.00;
SHARP_EYE_LASER_EXTRA_LARGE;52.00;;48.00;122.00;1.50;0.50;0.00;1.50;0.00;0.00;0.00;45.00;50.00;0.65;0.10;0.00;1.00;0.00;0.00;0.00;0.00;0.00;0.00;
#Proton Thrower;;;;;;;;;;;;;;;;;;;;;;;;
PROTON_THROWER_SMALL;11.00;;6.00;13.00;1.75;0.50;0.00;1.50;0.00;0.00;0.00;212.50;120.00;0.75;0.00;0.20;1.00;0.00;0.00;0.00;0.00;0.00;0.00;
PROTON_THROWER_MEDIUM;22.00;;12.00;25.00;1.75;0.50;0.00;1.50;0.00;0.00;0.00;212.50;120.00;0.75;0.00;0.20;1.00;0.00;0.00;0.00;0.00;0.00;0.00;
PROTON_THROWER_LARGE;44.00;;24.00;50.00;1.75;0.50;0.00;1.50;0.00;0.00;0.00;212.50;120.00;0.75;0.00;0.20;1.00;0.00;0.00;0.00;0.00;0.00;0.00;
PROTON_THROWER_EXTRA_LARGE;88.00;;47.00;101.00;1.75;0.50;0.00;1.50;0.00;0.00;0.00;212.50;120.00;0.75;0.00;0.20;1.00;0.00;0.00;0.00;0.00;0.00;0.00;
#Neutron Thrower;;;;;;;;;;;;;;;;;;;;;;;;
NEUTRON_THROWER_SMALL;14.00;;15.00;33.00;1.75;0.50;0.00;1.50;0.00;0.00;0.00;212.50;120.00;0.75;0.00;0.20;1.00;0.00;0.00;0.00;0.00;0.00;0.00;
NEUTRON_THROWER_MEDIUM;28.00;;31.00;65.00;1.75;0.50;0.00;1.50;0.00;0.00;0.00;212.50;120.00;0.75;0.00;0.20;1.00;0.00;0.00;0.00;0.00;0.00;0.00;
NEUTRON_THROWER_LARGE;57.00;;61.00;131.00;1.75;0.50;0.00;1.50;0.00;0.00;0.00;212.50;120.00;0.75;0.00;0.20;1.00;0.00;0.00;0.00;0.00;0.00;0.00;
NEUTRON_THROWER_EXTRA_LARGE;114.00;;121.00;261.00;1.75;0.50;0.00;1.50;0.00;0.00;0.00;212.50;120.00;0.75;0.00;0.20;1.00;0.00;0.00;0.00;0.00;0.00;0.00;
#Bio-Disintegrator;;;;;;;;;;;;;;;;;;;;;;;;
BIO_DISINTEGRATOR_SMALL;14.00;;8.00;20.00;1.50;0.25;0.00;1.50;0.00;0.00;0.00;42.50;30.00;0.90;0.70;0.10;1.00;0.00;0.00;0.00;0.00;0.00;0.00;
BIO_DISINTEGRATOR_MEDIUM;28.00;;20.00;49.00;1.50;0.25;0.00;1.50;0.00;0.00;0.00;42.50;30.00;0.90;0.60;0.10;1.00;0.00;0.00;0.00;0.00;0.00;0.00;
BIO_DISINTEGRATOR_LARGE;57.00;;50.00;123.00;1.50;0.25;0.00;1.50;0.00;0.00;0.00;42.50;50.00;0.90;0.30;0.10;1.00;0.00;0.00;0.00;0.00;0.00;0.00;
BIO_DISINTEGRATOR_EXTRA_LARGE;114.00;;120.00;294.00;1.50;0.25;0.00;1.50;0.00;0.00;0.00;42.50;70.00;0.90;0.05;0.10;1.00;0.00;0.00;0.00;0.00;0.00;0.00;
#Molecular Disruptor;;;;;;;;;;;;;;;;;;;;;;;;
MOLECULAR_DISRUPTOR_SMALL;9.00;;1.00;3.00;1.00;1.00;1.00;1.00;1.00;0.00;0.00;12.00;30.00;1.00;0.90;0.00;1.00;0.00;0.00;0.00;0.00;0.00;0.00;
MOLECULAR_DISRUPTOR_MEDIUM;17.00;;1.00;11.20;1.00;1.00;1.00;1.00;1.00;0.00;0.00;23.00;30.00;1.00;0.60;0.00;1.00;0.00;0.00;0.00;0.00;0.00;0.00;
MOLECULAR_DISRUPTOR_LARGE;34.00;;1.00;28.00;1.00;1.00;1.00;1.00;1.00;0.00;0.00;34.00;40.00;1.00;0.35;0.00;1.00;0.00;0.00;0.00;0.00;0.00;0.00;
MOLECULAR_DISRUPTOR_EXTRA_LARGE;68.00;;1.00;61.00;1.00;1.00;1.00;1.00;1.00;0.00;0.00;45.00;50.00;1.00;0.15;0.00;1.00;0.00;0.00;0.00;0.00;0.00;0.00;
#Ion Molecular Disruptor;;;;;;;;;;;;;;;;;;;;;;;;
ION_MOLECULAR_DISRUPTOR_SMALL;9.00;;1.00;3.60;1.00;1.00;1.00;1.00;1.00;0.00;0.00;12.00;30.00;1.00;0.90;0.00;1.00;0.00;0.00;0.00;0.00;0.00;0.00;
ION_MOLECULAR_DISRUPTOR_MEDIUM;17.00;;1.00;14.70;1.00;1.00;1.00;1.00;1.00;0.00;0.00;23.00;30.00;1.00;0.60;0.00;1.00;0.00;0.00;0.00;0.00;0.00;0.00;
ION_MOLECULAR_DISRUPTOR_LARGE;34.00;;1.00;37.00;1.00;1.00;1.00;1.00;1.00;0.00;0.00;34.00;40.00;1.00;0.35;0.00;1.00;0.00;0.00;0.00;0.00;0.00;0.00;
ION_MOLECULAR_DISRUPTOR_EXTRA_LARGE;68.00;;1.00;79.00;1.00;1.00;1.00;1.00;1.00;0.00;0.00;45.00;50.00;1.00;0.15;0.00;1.00;0.00;0.00;0.00;0.00;0.00;0.00;
#Phased Molecular Disruptor;;;;;;;;;;;;;;;;;;;;;;;;
PHASED_MOLECULAR_DISRUPTOR_SMALL;11.00;;1.00;4.70;1.00;1.00;1.00;1.00;1.00;0.00;0.00;12.00;30.00;1.00;0.90;0.00;1.00;0.00;0.00;0.00;0.00;0.00;0.00;
PHASED_MOLECULAR_DISRUPTOR_MEDIUM;22.00;;1.00;19.00;1.00;1.00;1.00;1.00;1.00;0.00;0.00;23.00;30.00;1.00;0.60;0.00;1.00;0.00;0.00;0.00;0.00;0.00;0.00;
PHASED_MOLECULAR_DISRUPTOR_LARGE;44.00;;1.00;48.00;1.00;1.00;1.00;1.00;1.00;0.00;0.00;34.00;40.00;1.00;0.35;0.00;1.00;0.00;0.00;0.00;0.00;0.00;0.00;
PHASED_MOLECULAR_DISRUPTOR_EXTRA_LARGE;88.00;;1.00;103.00;1.00;1.00;1.00;1.00;1.00;0.00;0.00;45.00;50.00;1.00;0.15;0.00;1.00;0.00;0.00;0.00;0.00;0.00;0.00;
#Lightning Breath;;;;;;;;;;;;;;;;;;;;;;;;
LIGHTNING_BREATH_SMALL;3.00;;1.00;6.00;1.00;1.00;1.00;1.00;1.00;0.00;0.00;19.00;30.00;1.00;0.90;0.00;1.00;0.00;0.00;0.00;0.00;0.00;0.00;
LIGHTNING_BREATH_MEDIUM;5.00;;1.00;20.00;1.00;1.00;1.00;1.00;1.00;0.00;0.00;37.00;40.00;1.00;0.60;0.00;1.00;0.00;0.00;0.00;0.00;0.00;0.00;
LIGHTNING_BREATH_LARGE;9.00;;1.00;49.00;1.00;1.00;1.00;1.00;1.00;0.00;0.00;54.00;50.00;1.00;0.45;0.00;1.00;0.00;0.00;0.00;0.00;0.00;0.00;
LIGHTNING_BREATH_EXTRA_LARGE;17.00;;1.00;106.00;1.00;1.00;1.00;1.00;1.00;0.00;0.00;71.50;60.00;1.00;0.30;0.00;1.00;0.00;0.00;0.00;0.00;0.00;0.00;
#Lightning Emitter;;;;;;;;;;;;;;;;;;;;;;;;
LIGHTNING_EMITTER_SMALL;11.00;;1.00;60.00;1.00;1.00;1.00;1.00;1.00;0.00;0.00;101.00;80.00;1.00;0.75;0.00;1.00;0.00;0.00;0.00;0.00;0.00;0.00;
LIGHTNING_EMITTER_MEDIUM;22.00;;1.00;140.00;1.00;1.00;1.00;1.00;1.00;0.00;0.00;101.00;90.00;1.00;0.35;0.00;1.00;0.00;0.00;0.00;0.00;0.00;0.00;
LIGHTNING_EMITTER_LARGE;44.00;;1.00;300.00;1.00;1.00;1.00;1.00;1.00;0.00;0.00;101.00;100.00;1.00;0.15;0.00;1.00;0.00;0.00;0.00;0.00;0.00;0.00;
LIGHTNING_EMITTER_EXTRA_LARGE;88.00;;1.00;650.00;1.00;1.00;1.00;1.00;1.00;0.00;0.00;101.00;120.00;1.00;0.05;0.00;1.00;0.00;0.00;0.00;0.00;0.00;0.00;
#Focused Lightning Emitter;;;;;;;;;;;;;;;;;;;;;;;;
FOCUSED_LIGHTNING_EMITTER_SMALL;14.00;;2.00;78.00;1.00;1.00;1.00;1.00;1.00;0.00;0.00;101.00;80.00;1.00;0.75;0.00;1.00;0.00;0.00;0.00;0.00;0.00;0.00;
FOCUSED_LIGHTNING_EMITTER_MEDIUM;29.00;;2.00;182.00;1.00;1.00;1.00;1.00;1.00;0.00;0.00;101.00;90.00;1.00;0.35;0.00;1.00;0.00;0.00;0.00;0.00;0.00;0.00;
FOCUSED_LIGHTNING_EMITTER_LARGE;57.00;;2.00;390.00;1.00;1.00;1.00;1.00;1.00;0.00;0.00;101.00;100.00;1.00;0.15;0.00;1.00;0.00;0.00;0.00;0.00;0.00;0.00;
FOCUSED_LIGHTNING_EMITTER_EXTRA_LARGE;114.00;;2.00;845.00;1.00;1.00;1.00;1.00;1.00;0.00;0.00;101.00;120.00;1.00;0.05;0.00;1.00;0.00;0.00;0.00;0.00;0.00;0.00;
#Energy Siphon;;;;;;;;;;;;;;;;;;;;;;;;
ENERGY_SIPHON_SMALL;8.00;;3.00;9.00;1.00;2.00;0.00;0.25;0.00;0.00;0.00;35.00;40.00;1.00;0.75;0.00;1.00;0.00;0.00;0.00;0.00;0.00;0.00;
ENERGY_SIPHON_MEDIUM;15.00;;8.00;21.00;1.00;2.00;0.00;0.25;0.00;0.00;0.00;42.50;60.00;1.00;0.35;0.00;1.00;0.00;0.00;0.00;0.00;0.00;0.00;
ENERGY_SIPHON_LARGE;30.00;;20.00;52.00;1.00;2.00;0.00;0.25;0.00;0.00;0.00;50.00;80.00;1.00;0.15;0.00;1.00;0.00;0.00;0.00;0.00;0.00;0.00;
ENERGY_SIPHON_EXTRA_LARGE;60.00;;48.00;118.00;1.00;2.00;0.00;0.25;0.00;0.00;0.00;57.50;100.00;1.00;0.05;0.00;1.00;0.00;0.00;0.00;0.00;0.00;0.00;
#Null Void Siphon;;;;;;;;;;;;;;;;;;;;;;;;
NULL_VOID_SIPHON_SMALL;7.00;;1.00;7.00;0.25;4.00;0.00;0.25;0.00;0.00;0.00;35.00;40.00;0.90;0.90;0.00;1.00;0.00;0.00;0.00;0.00;0.00;0.00;
NULL_VOID_SIPHON_MEDIUM;13.00;;6.00;16.00;0.25;4.00;0.00;0.25;0.00;0.00;0.00;42.50;60.00;0.90;0.60;0.00;1.00;0.00;0.00;0.00;0.00;0.00;0.00;
NULL_VOID_SIPHON_LARGE;26.00;;15.00;40.00;0.25;4.00;0.00;0.25;0.00;0.00;0.00;50.00;90.00;0.90;0.30;0.00;1.00;0.00;0.00;0.00;0.00;0.00;0.00;
NULL_VOID_SIPHON_EXTRA_LARGE;52.00;;36.00;95.00;0.25;4.00;0.00;0.25;0.00;0.00;0.00;57.00;120.00;0.90;0.05;0.00;1.00;0.00;0.00;0.00;0.00;0.00;0.00;
#Kinetic Mutations;;;;;;;;;;;;;;;;;;;;;;;;
#Shard Accelerator;;;;;;;;;;;;;;;;;;;;;;;;
SHARD_ACCELERATOR_SMALL;5.00;;1.00;5.00;1.00;1.50;0.00;0.50;0.00;0.00;0.00;21.50;40.00;0.75;0.70;0.00;1.00;0.00;0.00;0.00;0.00;0.00;0.00;
SHARD_ACCELERATOR_MEDIUM;10.00;;5.00;16.00;1.00;1.50;0.00;0.50;0.00;0.00;0.00;29.00;50.00;0.75;0.50;0.00;1.00;0.00;0.00;0.00;0.00;0.00;0.00;
SHARD_ACCELERATOR_LARGE;20.00;;13.00;40.00;1.00;1.50;0.00;0.50;0.00;0.00;0.00;36.00;75.00;0.75;0.30;0.00;1.00;0.00;0.00;0.00;0.00;0.00;0.00;
SHARD_ACCELERATOR_EXTRA_LARGE;40.00;;30.00;96.00;1.00;1.50;0.00;0.50;0.00;0.00;0.00;42.50;100.00;0.75;0.05;0.00;1.00;0.00;0.00;0.00;0.00;0.00;0.00;
#Bio-Coil Shard Accelerator;;;;;;;;;;;;;;;;;;;;;;;;
BIO_COIL_SHARD_ACCELERATOR_SMALL;7.00;;2.00;6.00;1.00;1.50;0.00;0.50;0.00;0.00;0.00;21.50;40.00;0.75;0.70;0.00;1.00;0.00;0.00;0.00;0.00;0.00;0.00;
BIO_COIL_SHARD_ACCELERATOR_MEDIUM;13.00;;7.00;21.00;1.00;1.50;0.00;0.50;0.00;0.00;0.00;29.00;50.00;0.75;0.50;0.00;1.00;0.00;0.00;0.00;0.00;0.00;0.00;
BIO_COIL_SHARD_ACCELERATOR_LARGE;26.00;;18.00;53.00;1.00;1.50;0.00;0.50;0.00;0.00;0.00;36.00;75.00;0.75;0.30;0.00;1.00;0.00;0.00;0.00;0.00;0.00;0.00;
BIO_COIL_SHARD_ACCELERATOR_EXTRA_LARGE;52.00;;42.00;126.00;1.00;1.50;0.00;0.50;0.00;0.00;0.00;42.50;100.00;0.75;0.05;0.00;1.00;0.00;0.00;0.00;0.00;0.00;0.00;
#Shard Rail Accelerator;;;;;;;;;;;;;;;;;;;;;;;;
SHARD_RAIL_ACCELERATOR_SMALL;9.00;;3.00;8.00;1.00;1.50;0.00;0.50;0.00;0.00;0.00;21.55;40.00;0.75;0.70;0.00;1.00;0.00;0.00;0.00;0.00;0.00;0.00;
SHARD_RAIL_ACCELERATOR_MEDIUM;17.00;;9.00;27.00;1.00;1.50;0.00;0.50;0.00;0.00;0.00;29.00;50.00;0.75;0.50;0.00;1.00;0.00;0.00;0.00;0.00;0.00;0.00;
SHARD_RAIL_ACCELERATOR_LARGE;34.00;;23.00;68.00;1.00;1.50;0.00;0.50;0.00;0.00;0.00;36.00;75.00;0.75;0.30;0.00;1.00;0.00;0.00;0.00;0.00;0.00;0.00;
SHARD_RAIL_ACCELERATOR_EXTRA_LARGE;68.00;;54.00;162.00;1.00;1.50;0.00;0.50;0.00;0.00;0.00;42.50;100.00;0.75;0.05;0.00;1.00;0.00;0.00;0.00;0.00;0.00;0.00;
#Advanced Shard Rail Accelerator;;;;;;;;;;;;;;;;;;;;;;;;
ADVANCED_SHARD_RAIL_ACCELERATOR_SMALL;9.00;;4.00;10.00;1.00;1.50;0.00;0.50;0.00;0.00;0.00;21.50;40.00;0.75;0.70;0.00;1.00;0.00;0.00;0.00;0.00;0.00;0.00;
ADVANCED_SHARD_RAIL_ACCELERATOR_MEDIUM;17.00;;12.00;35.00;1.00;1.50;0.00;0.50;0.00;0.00;0.00;29.00;50.00;0.75;0.50;0.00;1.00;0.00;0.00;0.00;0.00;0.00;0.00;
ADVANCED_SHARD_RAIL_ACCELERATOR_LARGE;34.00;;30.00;88.00;1.00;1.50;0.00;0.50;0.00;0.00;0.00;36.00;75.00;0.75;0.30;0.00;1.00;0.00;0.00;0.00;0.00;0.00;0.00;
ADVANCED_SHARD_RAIL_ACCELERATOR_EXTRA_LARGE;68.00;;72.00;210.00;1.00;1.50;0.00;0.50;0.00;0.00;0.00;42.50;100.00;0.75;0.05;0.00;1.00;0.00;0.00;0.00;0.00;0.00;0.00;
#Shard Gauss Accelerator;;;;;;;;;;;;;;;;;;;;;;;;
SHARD_GAUSS_ACCELERATOR_SMALL;11.00;;6.00;13.00;1.00;1.50;0.00;0.50;0.00;0.00;0.00;21.50;40.00;0.75;0.70;0.00;1.00;0.00;0.00;0.00;0.00;0.00;0.00;
SHARD_GAUSS_ACCELERATOR_MEDIUM;22.00;;16.00;46.00;1.00;1.50;0.00;0.50;0.00;0.00;0.00;29.00;50.00;0.75;0.50;0.00;1.00;0.00;0.00;0.00;0.00;0.00;0.00;
SHARD_GAUSS_ACCELERATOR_LARGE;44.00;;40.00;115.00;1.00;1.50;0.00;0.50;0.00;0.00;0.00;36.00;75.00;0.75;0.30;0.00;1.00;0.00;0.00;0.00;0.00;0.00;0.00;
SHARD_GAUSS_ACCELERATOR_EXTRA_LARGE;88.00;;96.00;276.00;1.00;1.50;0.00;0.50;0.00;0.00;0.00;42.50;100.00;0.75;0.05;0.00;1.00;0.00;0.00;0.00;0.00;0.00;0.00;
#Thorn Cannon;;;;;;;;;;;;;;;;;;;;;;;;
THORN_CANNON_SMALL;9.00;;3.00;6.00;1.25;1.50;0.00;0.25;0.00;0.00;0.00;6.50;30.00;0.85;0.90;0.00;1.00;0.00;0.00;0.00;0.00;0.00;0.00;
THORN_CANNON_MEDIUM;17.00;;8.00;16.00;1.25;1.50;0.00;0.25;0.00;0.00;0.00;8.50;30.00;0.85;0.75;0.00;1.00;0.00;0.00;0.00;0.00;0.00;0.00;
THORN_CANNON_LARGE;34.00;;20.00;40.00;1.25;1.50;0.00;0.25;0.00;0.00;0.00;13.00;35.00;0.85;0.50;0.00;1.00;0.00;0.00;0.00;0.00;0.00;0.00;
THORN_CANNON_EXTRA_LARGE;68.00;;48.00;96.00;1.25;1.50;0.00;0.25;0.00;0.00;0.00;17.00;40.00;0.85;0.25;0.00;1.00;0.00;0.00;0.00;0.00;0.00;0.00;
#Ripper Thorn Cannon;;;;;;;;;;;;;;;;;;;;;;;;
RIPPER_THORN_CANNON_SMALL;9.00;;4.00;8.00;1.25;1.50;0.00;0.25;0.00;0.00;0.00;6.50;30.00;0.85;0.90;0.00;1.00;0.00;0.00;0.00;0.00;0.00;0.00;
RIPPER_THORN_CANNON_MEDIUM;17.00;;10.00;21.00;1.25;1.50;0.00;0.25;0.00;0.00;0.00;8.50;30.00;0.85;0.75;0.00;1.00;0.00;0.00;0.00;0.00;0.00;0.00;
RIPPER_THORN_CANNON_LARGE;34.00;;25.00;53.00;1.25;1.50;0.00;0.25;0.00;0.00;0.00;13.00;35.00;0.85;0.50;0.00;1.00;0.00;0.00;0.00;0.00;0.00;0.00;
RIPPER_THORN_CANNON_EXTRA_LARGE;68.00;;60.00;126.00;1.25;1.50;0.00;0.25;0.00;0.00;0.00;17.00;40.00;0.85;0.25;0.00;1.00;0.00;0.00;0.00;0.00;0.00;0.00;
#Acidstorm Thorn Cannon;;;;;;;;;;;;;;;;;;;;;;;;
ACIDSTORM_THORN_CANNON_SMALL;11.00;;5.00;11.00;1.25;1.50;0.00;0.25;0.00;0.00;0.00;6.50;30.00;0.85;0.90;0.00;1.00;0.00;0.00;0.00;0.00;0.00;0.00;
ACIDSTORM_THORN_CANNON_MEDIUM;22.00;;13.00;27.00;1.25;1.50;0.00;0.25;0.00;0.00;0.00;8.50;30.00;0.85;0.75;0.00;1.00;0.00;0.00;0.00;0.00;0.00;0.00;
ACIDSTORM_THORN_CANNON_LARGE;44.00;;33.00;68.00;1.25;1.50;0.00;0.25;0.00;0.00;0.00;13.00;35.00;0.85;0.50;0.00;1.00;0.00;0.00;0.00;0.00;0.00;0.00;
ACIDSTORM_THORN_CANNON_EXTRA_LARGE;88.00;;78.00;162.00;1.25;1.50;0.00;0.25;0.00;0.00;0.00;17.00;40.00;0.85;0.25;0.00;1.00;0.00;0.00;0.00;0.00;0.00;0.00;
#Nanite-Infused Thorn Cannon;;;;;;;;;;;;;;;;;;;;;;;;
NANITE_INFUSED_THORN_CANNON_SMALL;15.00;;7.00;14.00;1.25;1.50;0.00;0.25;0.00;0.00;0.00;6.50;30.00;0.85;0.90;0.00;1.00;0.00;0.00;0.00;0.00;0.00;0.00;
NANITE_INFUSED_THORN_CANNON_MEDIUM;29.00;;17.00;35.00;1.25;1.50;0.00;0.25;0.00;0.00;0.00;8.50;30.00;0.85;0.75;0.00;1.00;0.00;0.00;0.00;0.00;0.00;0.00;
NANITE_INFUSED_THORN_CANNON_LARGE;57.00;;43.00;88.00;1.25;1.50;0.00;0.25;0.00;0.00;0.00;13.00;35.00;0.85;0.50;0.00;1.00;0.00;0.00;0.00;0.00;0.00;0.00;
NANITE_INFUSED_THORN_CANNON_EXTRA_LARGE;114.00;;102.00;210.00;1.25;1.50;0.00;0.25;0.00;0.00;0.00;17.00;40.00;0.85;0.25;0.00;1.00;0.00;0.00;0.00;0.00;0.00;0.00;
#Chitin Battery;;;;;;;;;;;;;;;;;;;;;;;;
CHITIN_BATTERY_SMALL;11.00;;15.00;45.00;1.00;2.00;0.00;0.50;0.00;0.00;0.00;58.00;60.00;0.75;0.06;0.00;1.00;0.00;0.00;0.00;0.00;0.00;0.00;
CHITIN_BATTERY_MEDIUM;22.00;;32.00;96.00;1.00;2.00;0.00;0.50;0.00;0.00;0.00;62.50;80.00;0.75;0.35;0.00;1.00;0.00;0.00;0.00;0.00;0.00;0.00;
CHITIN_BATTERY_LARGE;44.00;;70.00;210.00;1.00;2.00;0.00;0.50;0.00;0.00;0.00;67.00;100.00;0.75;0.15;0.00;1.00;0.00;0.00;0.00;0.00;0.00;0.00;
CHITIN_BATTERY_EXTRA_LARGE;88.00;;150.00;450.00;1.00;2.00;0.00;0.50;0.00;0.00;0.00;71.50;120.00;0.75;0.00;0.00;1.00;0.00;0.00;0.00;0.00;0.00;0.00;
#Chitin Artillery;;;;;;;;;;;;;;;;;;;;;;;;
CHITIN_ARTILLERY_SMALL;15.00;;20.00;60.00;1.00;2.00;0.00;0.50;0.00;0.00;0.00;58.00;60.00;0.75;0.06;0.00;1.00;0.00;0.00;0.00;0.00;0.00;0.00;
CHITIN_ARTILLERY_MEDIUM;29.00;;42.00;126.00;1.00;2.00;0.00;0.50;0.00;0.00;0.00;62.50;80.00;0.75;0.35;0.00;1.00;0.00;0.00;0.00;0.00;0.00;0.00;
CHITIN_ARTILLERY_LARGE;57.00;;91.00;273.00;1.00;2.00;0.00;0.50;0.00;0.00;0.00;67.00;100.00;0.75;0.15;0.00;1.00;0.00;0.00;0.00;0.00;0.00;0.00;
CHITIN_ARTILLERY_EXTRA_LARGE;114.00;;195.00;585.00;1.00;2.00;0.00;0.50;0.00;0.00;0.00;71.50;120.00;0.75;0.00;0.00;1.00;0.00;0.00;0.00;0.00;0.00;0.00;
#Mega Bombard;;;;;;;;;;;;;;;;;;;;;;;;
MEGA_BOMBARD_SMALL;11.00;;29.00;71.00;1.00;1.50;0.00;0.25;0.00;0.00;0.00;74.00;60.00;0.75;0.45;0.00;1.00;0.00;0.00;0.00;0.00;0.00;0.00;
MEGA_BOMBARD_MEDIUM;22.00;;65.00;165.00;1.00;1.50;0.00;0.25;0.00;0.00;0.00;84.00;80.00;0.75;0.25;0.00;1.00;0.00;0.00;0.00;0.00;0.00;0.00;
MEGA_BOMBARD_LARGE;44.00;;140.00;400.00;1.00;1.50;0.00;0.25;0.00;0.00;0.00;94.00;10.00;0.75;0.10;0.00;1.00;0.00;0.00;0.00;0.00;0.00;0.00;
MEGA_BOMBARD_EXTRA_LARGE;88.00;;310.00;900.00;1.00;1.50;0.00;0.25;0.00;0.00;0.00;104.00;120.00;0.75;0.00;0.00;1.00;0.00;0.00;0.00;0.00;0.00;0.00;
#Giga Bombard;;;;;;;;;;;;;;;;;;;;;;;;
GIGA_BOMBARD_SMALL;15.00;;38.00;92.00;1.00;1.50;0.00;0.25;0.00;0.00;0.00;74.00;60.00;0.75;0.45;0.00;1.00;0.00;0.00;0.00;0.00;0.00;0.00;
GIGA_BOMBARD_MEDIUM;29.00;;85.00;215.00;1.00;1.50;0.00;0.25;0.00;0.00;0.00;84.00;80.00;0.75;0.25;0.00;1.00;0.00;0.00;0.00;0.00;0.00;0.00;
GIGA_BOMBARD_LARGE;57.00;;182.00;520.00;1.00;1.50;0.00;0.25;0.00;0.00;0.00;94.00;100.00;0.75;0.10;0.00;1.00;0.00;0.00;0.00;0.00;0.00;0.00;
GIGA_BOMBARD_EXTRA_LARGE;114.00;;403.00;1170.00;1.00;1.50;0.00;0.25;0.00;0.00;0.00;104.00;120.00;0.75;0.00;0.00;1.00;0.00;0.00;0.00;0.00;0.00;0.00;
#Explosive Mutations;;;;;;;;;;;;;;;;;;;;;;;;
#Miasma Launcher;;;;;;;;;;;;;;;;;;;;;;;;
MIASMA_LAUNCHER_SMALL;5.00;;6.00;9.00;1.00;1.00;1.00;1.00;0.00;0.00;0.00;75.00;100.00;1.00;0.40;0.00;1.00;400.00;0.00;0.00;3.00;3.00;100.00;
MIASMA_LAUNCHER_MEDIUM;10.00;;16.00;24.00;1.00;1.00;1.00;1.00;0.00;0.00;0.00;85.00;100.00;1.00;0.25;0.00;1.00;400.00;0.00;0.00;3.00;3.00;100.00;
MIASMA_LAUNCHER_LARGE;20.00;;50.00;75.00;1.00;1.00;1.00;1.00;0.00;0.00;0.00;95.00;100.00;1.00;0.15;0.00;1.00;400.00;0.00;0.00;6.00;6.00;100.00;
MIASMA_LAUNCHER_EXTRA_LARGE;40.00;;130.00;205.00;1.00;1.00;1.00;1.00;0.00;0.00;0.00;105.00;100.00;1.00;0.05;0.00;1.00;400.00;0.00;0.00;9.00;9.00;100.00;
#Volatile Miasma Launcher;;;;;;;;;;;;;;;;;;;;;;;;
VOLATILE_MIASMA_LAUNCHER_SMALL;7.00;;7.00;13.00;1.00;1.00;1.00;1.00;0.00;0.00;0.00;75.00;100.00;1.00;0.40;0.00;1.00;400.00;0.10;0.00;4.00;4.00;100.00;
VOLATILE_MIASMA_LAUNCHER_MEDIUM;13.00;;21.00;32.00;1.00;1.00;1.00;1.00;0.00;0.00;0.00;85.00;100.00;1.00;0.25;0.00;1.00;400.00;0.10;0.00;4.00;4.00;100.00;
VOLATILE_MIASMA_LAUNCHER_LARGE;26.00;;65.00;98.00;1.00;1.00;1.00;1.00;0.00;0.00;0.00;95.00;100.00;1.00;0.15;0.00;1.00;400.00;0.10;0.00;8.00;8.00;100.00;
VOLATILE_MIASMA_LAUNCHER_EXTRA_LARGE;52.00;;169.00;267.00;1.00;1.00;1.00;1.00;0.00;0.00;0.00;105.00;100.00;1.00;0.05;0.00;1.00;400.00;0.10;0.00;12.00;12.00;100.00;
#Antimatter Launcher;;;;;;;;;;;;;;;;;;;;;;;;
ANTIMATTER_LAUNCHER_SMALL;9.00;;9.00;17.00;1.00;1.00;1.00;1.00;0.00;0.00;0.00;75.00;100.00;1.00;0.40;0.00;1.00;400.00;0.20;0.00;5.00;5.00;100.00;
ANTIMATTER_LAUNCHER_MEDIUM;17.00;;28.00;42.00;1.00;1.00;1.00;1.00;0.00;0.00;0.00;85.00;100.00;1.00;0.25;0.00;1.00;400.00;0.20;0.00;5.00;5.00;100.00;
ANTIMATTER_LAUNCHER_LARGE;34.00;;85.00;127.00;1.00;1.00;1.00;1.00;0.00;0.00;0.00;95.00;100.00;1.00;0.15;0.00;1.00;400.00;0.20;0.00;10.00;10.00;100.00;
ANTIMATTER_LAUNCHER_EXTRA_LARGE;68.00;;220.00;347.00;1.00;1.00;1.00;1.00;0.00;0.00;0.00;105.00;100.00;1.00;0.05;0.00;1.00;400.00;0.20;0.00;20.00;20.00;100.00;
#Quantum Launcher;;;;;;;;;;;;;;;;;;;;;;;;
QUANTUM_LAUNCHER_SMALL;9.00;;12.00;22.00;1.00;1.00;1.00;1.00;0.00;0.00;0.00;75.00;100.00;1.00;0.40;0.00;1.00;400.00;0.30;0.00;6.00;6.00;100.00;
QUANTUM_LAUNCHER_MEDIUM;17.00;;37.00;55.00;1.00;1.00;1.00;1.00;0.00;0.00;0.00;85.00;100.00;1.00;0.25;0.00;1.00;400.00;0.30;0.00;6.00;6.00;100.00;
QUANTUM_LAUNCHER_LARGE;34.00;;111.00;165.00;1.00;1.00;1.00;1.00;0.00;0.00;0.00;95.00;100.00;1.00;0.15;0.00;1.00;400.00;0.30;0.00;12.00;12.00;100.00;
QUANTUM_LAUNCHER_EXTRA_LARGE;68.00;;286.00;451.00;1.00;1.00;1.00;1.00;0.00;0.00;0.00;105.00;100.00;1.00;0.05;0.00;1.00;400.00;0.30;0.00;24.00;24.00;100.00;
#Marauder Launcher;;;;;;;;;;;;;;;;;;;;;;;;
MARAUDER_LAUNCHER_SMALL;11.00;;16.00;28.00;1.00;1.00;1.00;1.00;0.00;0.00;0.00;75.00;100.00;1.00;0.40;0.00;1.00;400.00;0.40;0.00;7.00;7.00;100.00;
MARAUDER_LAUNCHER_MEDIUM;22.00;;49.00;72.00;1.00;1.00;1.00;1.00;0.00;0.00;0.00;85.00;100.00;1.00;0.25;0.00;1.00;400.00;0.40;0.00;7.00;7.00;100.00;
MARAUDER_LAUNCHER_LARGE;44.00;;144.00;215.00;1.00;1.00;1.00;1.00;0.00;0.00;0.00;95.00;100.00;1.00;0.15;0.00;1.00;400.00;0.40;0.00;14.00;14.00;100.00;
MARAUDER_LAUNCHER_EXTRA_LARGE;88.00;;372.00;586.00;1.00;1.00;1.00;1.00;0.00;0.00;0.00;105.00;100.00;1.00;0.05;0.00;1.00;400.00;0.40;0.00;28.00;28.00;100.00;
#Spore Launcher;;;;;;;;;;;;;;;;;;;;;;;;
SPORE_LAUNCHER_SMALL;9.00;;6.00;10.00;1.00;1.00;1.00;1.00;0.00;0.00;0.00;32.50;120.00;1.00;0.65;0.00;1.00;400.00;0.00;0.00;5.00;10.00;100.00;
SPORE_LAUNCHER_MEDIUM;17.00;;16.00;22.00;1.00;1.00;1.00;1.00;0.00;0.00;0.00;37.50;120.00;1.00;0.45;0.00;1.00;400.00;0.00;0.00;5.00;10.00;100.00;
SPORE_LAUNCHER_LARGE;34.00;;36.00;50.00;1.00;1.00;1.00;1.00;0.00;0.00;0.00;42.50;120.00;1.00;0.30;0.00;1.00;400.00;0.00;0.00;10.00;20.00;100.00;
SPORE_LAUNCHER_EXTRA_LARGE;68.00;;80.00;110.00;1.00;1.00;1.00;1.00;0.00;0.00;0.00;47.50;120.00;1.00;0.15;0.00;1.00;400.00;0.00;0.00;20.00;40.00;100.00;
#Barbed Spore Launcher;;;;;;;;;;;;;;;;;;;;;;;;
BARBED_SPORE_LAUNCHER_SMALL;11.00;;10.00;17.00;1.00;1.00;1.00;1.00;0.00;0.00;0.00;32.50;120.00;1.00;0.65;0.00;1.00;400.00;0.00;0.00;8.00;15.00;100.00;
BARBED_SPORE_LAUNCHER_MEDIUM;22.00;;27.00;37.00;1.00;1.00;1.00;1.00;0.00;0.00;0.00;37.50;120.00;1.00;0.45;0.00;1.00;400.00;0.00;0.00;8.00;15.00;100.00;
BARBED_SPORE_LAUNCHER_LARGE;44.00;;61.00;85.00;1.00;1.00;1.00;1.00;0.00;0.00;0.00;42.50;120.00;1.00;0.30;0.00;1.00;400.00;0.00;0.00;15.00;30.00;100.00;
BARBED_SPORE_LAUNCHER_EXTRA_LARGE;88.00;;135.00;186.00;1.00;1.00;1.00;1.00;0.00;0.00;0.00;47.50;120.00;1.00;0.15;0.00;1.00;400.00;0.00;0.00;30.00;60.00;100.00;
#Bio-Torpedoes;;;;;;;;;;;;;;;;;;;;;;;;
BIO_TORPEDOES_SMALL;9.00;;25.00;38.00;1.00;0.00;2.00;1.50;0.00;0.00;0.00;207.50;30.00;1.00;0.40;0.20;1.00;200.00;0.00;0.00;1.00;1.00;100.00;
BIO_TORPEDOES_MEDIUM;17.00;;50.00;75.00;1.00;0.00;2.00;1.50;0.00;0.00;0.00;207.50;30.00;1.00;0.20;0.20;1.00;200.00;0.00;0.00;2.00;2.00;100.00;
BIO_TORPEDOES_LARGE;34.00;;100.00;150.00;1.00;0.00;2.00;1.50;0.00;0.00;0.00;207.50;30.00;1.00;0.10;0.20;1.00;200.00;0.00;0.00;4.00;4.00;100.00;
BIO_TORPEDOES_EXTRA_LARGE;68.00;;200.00;300.00;1.00;0.00;2.00;1.50;0.00;0.00;0.00;207.50;30.00;1.00;0.00;0.20;1.00;200.00;0.00;0.00;8.00;8.00;100.00;
#Carapace Bio-Torpedoes;;;;;;;;;;;;;;;;;;;;;;;;
CARAPACE_BIO_TORPEDOES_SMALL;9.00;;33.00;49.00;1.00;0.00;2.00;1.50;0.00;0.00;0.00;207.50;30.00;1.00;0.40;0.20;1.00;225.00;0.00;0.00;2.00;2.00;100.00;
CARAPACE_BIO_TORPEDOES_MEDIUM;27.00;;65.00;98.00;1.00;0.00;2.00;1.50;0.00;0.00;0.00;207.50;30.00;1.00;0.20;0.20;1.00;225.00;0.00;0.00;3.00;3.00;100.00;
CARAPACE_BIO_TORPEDOES_LARGE;34.00;;130.00;195.00;1.00;0.00;2.00;1.50;0.00;0.00;0.00;207.50;30.00;1.00;0.10;0.20;1.00;225.00;0.00;0.00;7.00;7.00;100.00;
CARAPACE_BIO_TORPEDOES_EXTRA_LARGE;68.00;;260.00;390.00;1.00;0.00;2.00;1.50;0.00;0.00;0.00;207.50;30.00;1.00;0.00;0.20;1.00;225.00;0.00;0.00;13.00;13.00;100.00;
#Devastator Bio-Torpedoes;;;;;;;;;;;;;;;;;;;;;;;;
DEVASTATOR_BIO_TORPEDOES_SMALL;11.00;;43.00;64.00;1.00;0.00;2.00;1.50;0.00;0.00;0.00;207.50;30.00;1.00;0.40;0.20;1.00;250.00;0.00;0.00;3.00;3.00;100.00;
DEVASTATOR_BIO_TORPEDOES_MEDIUM;22.00;;85.00;127.00;1.00;0.00;2.00;1.50;0.00;0.00;0.00;207.50;30.00;1.00;0.20;0.20;1.00;250.00;0.00;0.00;5.00;5.00;100.00;
DEVASTATOR_BIO_TORPEDOES_LARGE;44.00;;169.00;254.00;1.00;0.00;2.00;1.50;0.00;0.00;0.00;207.50;30.00;1.00;0.10;0.20;1.00;250.00;0.00;0.00;10.00;10.00;100.00;
DEVASTATOR_BIO_TORPEDOES_EXTRA_LARGE;88.00;;338.00;507.00;1.00;0.00;2.00;1.50;0.00;0.00;0.00;207.50;30.00;1.00;0.00;0.20;1.00;250.00;0.00;0.00;19.00;19.00;100.00;
#EXTRA_LARGE Scourge Missile;;;;;;;;;;;;;;;;;;;;;;;;
LARGE_SCOURGE_MISSILE_SMALL;17.00;;25.00;41.00;1.00;1.00;1.00;0.80;0.00;0.00;0.00;48.00;90.00;1.00;1.00;0.1;1.00;400.00;0.40;0.00;0.00;4.00;120.00;
LARGE_SCOURGE_MISSILE_MEDIUM;33.00;;56.00;88.00;1.00;1.00;1.00;0.80;0.00;0.00;0.00;52.50;90.00;1.00;0.90;0.1;1.00;400.00;0.40;0.00;0.00;8.00;120.00;
LARGE_SCOURGE_MISSILE_LARGE;65.00;;135.00;175.00;1.00;1.00;1.00;0.80;0.00;0.00;0.00;57.00;90.00;1.00;0.80;0.1;1.00;400.00;0.40;0.00;0.00;15.00;120.00;
LARGE_SCOURGE_MISSILE_EXTRA_LARGE;130.00;;285.00;385.00;1.00;1.00;1.00;0.80;0.00;0.00;0.00;61.50;90.00;1.00;0.70;0.1;1.00;400.00;0.40;0.00;0.00;30.00;120.00;
#Barb Batteries;;;;;;;;;;;;;;;;;;;;;;;;
BARB_BATTERIES_SMALL;4.00;;2.00;4.00;1.00;2.00;0.25;0.25;0.00;0.00;0.00;10.00;30.00;0.75;0.50;0.00;1.00;0.00;0.00;0.00;0.00;0.00;0.00;
BARB_BATTERIES_MEDIUM;8.00;;2.00;4.00;1.00;2.00;0.25;0.25;0.00;0.00;0.00;5.00;30.00;0.75;0.50;0.00;1.00;0.00;0.00;0.00;0.00;0.00;0.00;
BARB_BATTERIES_LARGE;16.00;;2.00;4.00;1.00;2.00;0.25;0.25;0.00;0.00;0.00;2.50;30.00;0.75;0.50;0.00;1.00;0.00;0.00;0.00;0.00;0.00;0.00;
BARB_BATTERIES_EXTRA_LARGE;32.00;;2.00;4.00;1.00;2.00;0.25;0.25;0.00;0.00;0.00;1.20;30.00;0.75;0.50;0.00;1.00;0.00;0.00;0.00;0.00;0.00;0.00;
#Barb Cannons;;;;;;;;;;;;;;;;;;;;;;;;
BARB_CANNONS_SMALL;5.00;;3.00;6.00;1.00;2.00;0.25;0.25;0.00;0.00;0.00;10.00;30.00;0.75;0.60;0.00;1.00;0.00;0.00;0.00;0.00;0.00;0.00;
BARB_CANNONS_MEDIUM;10.00;;3.00;6.00;1.00;2.00;0.25;0.25;0.00;0.00;0.00;5.00;30.00;0.75;0.60;0.00;1.00;0.00;0.00;0.00;0.00;0.00;0.00;
BARB_CANNONS_LARGE;20.00;;3.00;6.00;1.00;2.00;0.25;0.25;0.00;0.00;0.00;2.50;30.00;0.75;0.60;0.00;1.00;0.00;0.00;0.00;0.00;0.00;0.00;
BARB_CANNONS_EXTRA_LARGE;40.00;;3.00;6.00;1.00;2.00;0.25;0.25;0.00;0.00;0.00;1.20;30.00;0.75;0.60;0.00;1.00;0.00;0.00;0.00;0.00;0.00;0.00;
#Barb Artillery;;;;;;;;;;;;;;;;;;;;;;;;
BARB_ARTILLERY_SMALL;7.00;;4.00;8.00;1.00;2.00;0.25;0.25;0.00;0.00;0.00;10.00;30.00;0.75;0.70;0.00;1.00;0.00;0.00;0.00;0.00;0.00;0.00;
BARB_ARTILLERY_MEDIUM;13.00;;4.00;8.00;1.00;2.00;0.25;0.25;0.00;0.00;0.00;5.00;30.00;0.75;0.70;0.00;1.00;0.00;0.00;0.00;0.00;0.00;0.00;
BARB_ARTILLERY_LARGE;26.00;;4.00;8.00;1.00;2.00;0.25;0.25;0.00;0.00;0.00;2.50;30.00;0.75;0.70;0.00;1.00;0.00;0.00;0.00;0.00;0.00;0.00;
BARB_ARTILLERY_EXTRA_LARGE;52.00;;4.00;8.00;1.00;2.00;0.25;0.25;0.00;0.00;0.00;1.20;30.00;0.75;0.70;0.00;1.00;0.00;0.00;0.00;0.00;0.00;0.00;
#Nanite-Infused Barb Artillery;;;;;;;;;;;;;;;;;;;;;;;;
NANITE_INFUSED_BARB_ARTILLERY_SMALL;7.00;;6.00;11.00;1.00;2.00;0.25;0.25;0.00;0.00;0.00;10.00;30.00;0.75;0.80;0.00;1.00;0.00;0.00;0.00;0.00;0.00;0.00;
NANITE_INFUSED_BARB_ARTILLERY_MEDIUM;13.00;;6.00;11.00;1.00;2.00;0.25;0.25;0.00;0.00;0.00;5.00;30.00;0.75;0.80;0.00;1.00;0.00;0.00;0.00;0.00;0.00;0.00;
NANITE_INFUSED_BARB_ARTILLERY_LARGE;26.00;;6.00;11.00;1.00;2.00;0.25;0.25;0.00;0.00;0.00;2.50;30.00;0.75;0.80;0.00;1.00;0.00;0.00;0.00;0.00;0.00;0.00;
NANITE_INFUSED_BARB_ARTILLERY_EXTRA_LARGE;52.00;;6.00;11.00;1.00;2.00;0.25;0.25;0.00;0.00;0.00;1.20;30.00;0.75;0.80;0.00;1.00;0.00;0.00;0.00;0.00;0.00;0.00;
#Sentinel Spitter Gun;;;;;;;;;;;;;;;;;;;;;;;;
SENTINEL_SPITTER_GUN_SMALL;4.00;;2.00;4.00;1.00;0.25;0.00;2.00;0.25;0.00;0.00;10.00;30.00;0.75;0.10;0.00;1.00;0.00;0.00;0.00;0.00;0.00;0.00;
SENTINEL_SPITTER_GUN_MEDIUM;8.00;;2.00;4.00;1.00;0.25;0.00;2.00;0.25;0.00;0.00;5.00;30.00;0.75;0.10;0.00;1.00;0.00;0.00;0.00;0.00;0.00;0.00;
SENTINEL_SPITTER_GUN_LARGE;16.00;;2.00;4.00;1.00;0.25;0.00;2.00;0.25;0.00;0.00;2.50;30.00;0.75;0.10;0.00;1.00;0.00;0.00;0.00;0.00;0.00;0.00;
SENTINEL_SPITTER_GUN_EXTRA_LARGE;32.00;;2.00;4.00;1.00;0.25;0.00;2.00;0.25;0.00;0.00;1.20;30.00;0.75;0.10;0.00;1.00;0.00;0.00;0.00;0.00;0.00;0.00;
#Barrier Spitter Gun;;;;;;;;;;;;;;;;;;;;;;;;
BARRIER_SPITTER_GUN_SMALL;5.00;;3.00;6.00;1.00;0.25;0.00;2.00;0.25;0.00;0.00;10.00;30.00;0.75;0.20;0.00;1.00;0.00;0.00;0.00;0.00;0.00;0.00;
BARRIER_SPITTER_GUN_MEDIUM;10.00;;3.00;6.00;1.00;0.25;0.00;2.00;0.25;0.00;0.00;5.00;30.00;0.75;0.20;0.00;1.00;0.00;0.00;0.00;0.00;0.00;0.00;
BARRIER_SPITTER_GUN_LARGE;20.00;;3.00;6.00;1.00;0.25;0.00;2.00;0.25;0.00;0.00;2.50;30.00;0.75;0.20;0.00;1.00;0.00;0.00;0.00;0.00;0.00;0.00;
BARRIER_SPITTER_GUN_EXTRA_LARGE;40.00;;3.00;6.00;1.00;0.25;0.00;2.00;0.25;0.00;0.00;1.20;30.00;0.75;0.20;0.00;1.00;0.00;0.00;0.00;0.00;0.00;0.00;
#Guardian Spitter Gun;;;;;;;;;;;;;;;;;;;;;;;;
GUARDIAN_SPITTER_GUN_SMALL;7.00;;4.00;8.00;1.00;0.25;0.00;2.00;0.25;0.00;0.00;10.00;30.00;0.75;0.30;0.00;1.00;0.00;0.00;0.00;0.00;0.00;0.00;
GUARDIAN_SPITTER_GUN_MEDIUM;13.00;;4.00;8.00;1.00;0.25;0.00;2.00;0.25;0.00;0.00;5.00;30.00;0.75;0.30;0.00;1.00;0.00;0.00;0.00;0.00;0.00;0.00;
GUARDIAN_SPITTER_GUN_LARGE;26.00;;4.00;8.00;1.00;0.25;0.00;2.00;0.25;0.00;0.00;2.50;30.00;0.75;0.30;0.00;1.00;0.00;0.00;0.00;0.00;0.00;0.00;
GUARDIAN_SPITTER_GUN_EXTRA_LARGE;52.00;;4.00;8.00;1.00;0.25;0.00;2.00;0.25;0.00;0.00;1.20;30.00;0.75;0.30;0.00;1.00;0.00;0.00;0.00;0.00;0.00;0.00;
#Ancient Collapser Beam;;;;;;;;;;;;;;;;;;;;;;;;
ANCIENT_COLLAPSER_BEAM_SMALL;9.00;;6.00;14.00;1.00;0.50;0.00;1.50;0.50;0.00;0.00;42.50;40.00;0.90;0.70;0.00;1.00;0.00;0.00;0.00;0.00;0.00;0.00;
ANCIENT_COLLAPSER_BEAM_MEDIUM;17.00;;11.50;31.00;1.00;0.50;0.00;1.50;0.50;0.00;0.00;42.50;40.00;0.90;0.50;0.00;1.00;0.00;0.00;0.00;0.00;0.00;0.00;
ANCIENT_COLLAPSER_BEAM_LARGE;34.00;;28.75;75.00;1.00;0.50;0.00;1.50;0.50;0.00;0.00;50.00;60.00;0.90;0.30;0.00;1.00;0.00;0.00;0.00;0.00;0.00;0.00;
ANCIENT_COLLAPSER_BEAM_EXTRA_LARGE;68.00;;69.00;186.00;1.00;0.50;0.00;1.50;0.50;0.00;0.00;57.00;80.00;0.90;0.05;0.00;1.00;0.00;0.00;0.00;0.00;0.00;0.00;
#Ancient Macro Shard Batteries;;;;;;;;;;;;;;;;;;;;;;;;
ANCIENT_MACRO_SHARD_BATTERIES_SMALL;9.00;;4.50;11.50;1.00;1.50;0.00;0.50;0.00;0.00;0.00;21.50;40.00;0.50;0.70;0.00;1.00;0.00;0.00;0.00;0.00;0.00;0.00;
ANCIENT_MACRO_SHARD_BATTERIES_MEDIUM;17.00;;12.00;31.00;1.00;1.50;0.00;0.50;0.00;0.00;0.00;29.00;50.00;0.50;0.50;0.00;1.00;0.00;0.00;0.00;0.00;0.00;0.00;
ANCIENT_MACRO_SHARD_BATTERIES_LARGE;34.00;;26.50;78.00;1.00;1.50;0.00;0.50;0.00;0.00;0.00;36.00;75.00;0.50;0.30;0.00;1.00;0.00;0.00;0.00;0.00;0.00;0.00;
ANCIENT_MACRO_SHARD_BATTERIES_EXTRA_LARGE;68.00;;62.00;186.00;1.00;1.50;0.00;0.50;0.00;0.00;0.00;42.50;100.00;0.50;0.05;0.00;1.00;0.00;0.00;0.00;0.00;0.00;0.00;
#Ancient Fragmentor Artillery ;;;;;;;;;;;;;;;;;;;;;;;;
ANCIENT_FRAGMENTOR_ARTILLERY_SMALL;15.00;;39.00;92.00;1.25;2.50;0.00;0.25;0.00;0.00;0.00;74.00;60.00;0.75;0.45;0.00;1.00;0.00;0.00;0.00;0.00;0.00;0.00;
ANCIENT_FRAGMENTOR_ARTILLERY_MEDIUM;29.00;;87.00;215.00;1.25;2.50;0.00;0.25;0.00;0.00;0.00;84.00;80.00;0.75;0.25;0.00;1.00;0.00;0.00;0.00;0.00;0.00;0.00;
ANCIENT_FRAGMENTOR_ARTILLERY_LARGE;57.00;;186.00;520.00;1.25;2.50;0.00;0.25;0.00;0.00;0.00;94.00;100.00;0.75;0.10;0.00;1.00;0.00;0.00;0.00;0.00;0.00;0.00;
ANCIENT_FRAGMENTOR_ARTILLERY_EXTRA_LARGE;114.00;;413.00;1170.00;1.25;2.50;0.00;0.25;0.00;0.00;0.00;104.00;120.00;0.75;0.00;0.00;1.00;0.00;0.00;0.00;0.00;0.00;0.00;
#Ancien Nano Talon Cloud Launcher ;;;;;;;;;;;;;;;;;;;;;;;;
ANCIENT_NANO_TALON_CLOUD_LAUNCHER_SMALL;9.00;;1.00;2.00;1.25;1.00;1.00;1.00;1.00;0.00;0.00;6.50;100.00;1.00;0.25;0.00;1.00;400.00;0.20;0.00;3.00;3.00;100.00;
ANCIENT_NANO_TALON_CLOUD_LAUNCHER_MEDIUM;17.00;;3.00;5.00;1.25;1.00;1.00;1.00;1.00;0.00;0.00;8.50;100.00;1.00;0.25;0.00;1.00;400.00;0.20;0.00;5.00;5.00;100.00;
ANCIENT_NANO_TALON_CLOUD_LAUNCHER_LARGE;34.00;;7.00;12.00;1.25;1.00;1.00;1.00;1.00;0.00;0.00;10.50;100.00;1.00;0.25;0.00;1.00;400.00;0.20;0.00;10.00;10.00;100.00;
ANCIENT_NANO_TALON_CLOUD_LAUNCHER_EXTRA_LARGE;68.00;;17.00;29.00;1.25;1.00;1.00;1.00;1.00;0.00;0.00;12.50;100.00;1.00;0.25;0.00;1.00;400.00;0.20;0.00;20.00;20.00;100.00;
#Ancien Web Slinger;;;;;;;;;;;;;;;;;;;;;;;;
ANCIENT_WEB_SLINGER_SMALL;7.00;;5.00;10.00;1.00;0.25;0.00;2.00;0.25;0.00;0.00;10.00;30.00;0.75;0.30;0.00;1.00;0.00;0.00;0.00;0.00;0.00;0.00;
ANCIENT_WEB_SLINGER_MEDIUM;13.00;;5.00;10.00;1.00;0.25;0.00;2.00;0.25;0.00;0.00;5.00;30.00;0.75;0.30;0.00;1.00;0.00;0.00;0.00;0.00;0.00;0.00;
ANCIENT_WEB_SLINGER_LARGE;26.00;;5.00;10.00;1.00;0.25;0.00;2.00;0.25;0.00;0.00;2.50;30.00;0.75;0.30;0.00;1.00;0.00;0.00;0.00;0.00;0.00;0.00;
ANCIENT_WEB_SLINGER_EXTRA_LARGE;52.00;;5.00;10.00;1.00;0.25;0.00;2.00;0.25;0.00;0.00;1.20;30.00;0.75;0.30;0.00;1.00;0.00;0.00;0.00;0.00;0.00;0.00;
# Unique Mutations;;;;;;;;;;;;;;;;;;;;;;;;
GASTRIC_FOUNTAIN_MEDIUM;160.00;;120.00;300.00;1.50;0.75;0.00;2.00;0.00;0.00;0.00;114.00;180.00;0.90;0.20;0.00;1.00;;;;;;;
GASTRIC_FOUNTAIN_LARGE;320.00;;300.00;750.00;1.50;0.75;0.00;2.00;0.00;0.00;0.00;114.00;180.00;0.90;0.10;0.00;1.00;;;;;;;
GASTRIC_FOUNTAIN_EXTRA_LARGE;640.00;;650.00;1600.00;1.50;0.75;0.00;2.00;0.00;0.00;0.00;114.00;180.00;0.90;0.00;0.00;1.00;;;;;;;
# Shroud Mutations;;;;;;;;;;;;;;;;;;;;;;;;
#Psionic Bio-Lightning;;;;;;;;;;;;;;;;;;;;;;;;
PSIONIC_BIO_LIGHTNING_SMALL;9.00;;1.00;9.00;1.00;1.00;1.00;1.00;1.00;0.00;0.00;23.00;70.00;1.00;0.30;0.00;1.00;0.00;0.00;0.00;0.00;0.00;0.00;
PSIONIC_BIO_LIGHTNING_MEDIUM;17.00;;1.00;19.00;1.00;1.00;1.00;1.00;1.00;0.00;0.00;23.00;70.00;1.00;0.30;0.00;1.00;0.00;0.00;0.00;0.00;0.00;0.00;
PSIONIC_BIO_LIGHTNING_LARGE;33.00;;1.00;53.00;1.00;1.00;1.00;1.00;1.00;0.00;0.00;34.00;70.00;1.00;0.30;0.00;1.00;0.00;0.00;0.00;0.00;0.00;0.00;
PSIONIC_BIO_LIGHTNING_EXTRA_LARGE;66.00;;1.00;139.00;1.00;1.00;1.00;1.00;1.00;0.00;0.00;45.00;70.00;1.00;0.30;0.00;1.00;0.00;0.00;0.00;0.00;0.00;0.00;
#Psionic Bio-Disruptors;;;;;;;;;;;;;;;;;;;;;;;;
PSIONIC_BIO_DISRUPTOR_SMALL;11.00;;1.00;13.00;1.00;1.00;1.00;1.00;1.00;0.00;0.00;23.00;70.00;1.00;0.70;0.00;1.00;0.00;0.00;0.00;0.00;0.00;0.00;
PSIONIC_BIO_DISRUPTOR_MEDIUM;22.00;;1.00;25.00;1.00;1.00;1.00;1.00;1.00;0.00;0.00;23.00;70.00;1.00;0.60;0.00;1.00;0.00;0.00;0.00;0.00;0.00;0.00;
PSIONIC_BIO_DISRUPTOR_LARGE;44.00;;1.00;62.00;1.00;1.00;1.00;1.00;1.00;0.00;0.00;34.00;70.00;1.00;0.35;0.00;1.00;0.00;0.00;0.00;0.00;0.00;0.00;
PSIONIC_BIO_DISRUPTOR_EXTRA_LARGE;88.00;;1.00;163.00;1.00;1.00;1.00;1.00;1.00;0.00;0.00;45.00;70.00;1.00;0.15;0.00;1.00;0.00;0.00;0.00;0.00;0.00;0.00;
#Zro Pods;;;;;;;;;;;;;;;;;;;;;;;;
PSIONIC_BIO_LAUNCHER_SMALL;18.00;;15.00;35.00;1.75;0.50;0.50;1.50;0.50;0.00;0.00;212.50;60.00;0.75;0.50;0.20;1.00;0.00;0.00;0.00;0.00;0.00;0.00;
PSIONIC_BIO_LAUNCHER_MEDIUM;36.00;;30.00;70.00;1.75;0.50;0.50;1.50;0.50;0.00;0.00;212.50;80.00;0.75;0.30;0.20;1.00;0.00;0.00;0.00;0.00;0.00;0.00;
PSIONIC_BIO_LAUNCHER_LARGE;72.00;;60.00;140.00;1.75;0.50;0.50;1.50;0.50;0.00;0.00;212.50;120.00;0.75;0.15;0.20;1.00;0.00;0.00;0.00;0.00;0.00;0.00;
PSIONIC_BIO_LAUNCHER_EXTRA_LARGE;144.00;;130.00;280.00;1.75;0.50;0.50;1.50;0.50;0.00;0.00;212.50;120.00;0.75;0.00;0.20;1.00;0.00;0.00;0.00;0.00;0.00;0.00;
